Datetime,Water Level (m)
2025-03-25 18:00:00,-0.8261462
2025-03-25 19:00:00,-1.0829029
2025-03-25 20:00:00,-1.1234899
2025-03-25 21:00:00,-0.9960569
2025-03-25 22:00:00,-0.56872165
2025-03-25 23:00:00,-0.115751654
2025-03-26 00:00:00,0.27477014
2025-03-26 01:00:00,0.47938335
2025-03-26 02:00:00,0.50213176
2025-03-26 03:00:00,0.3226627
2025-03-26 04:00:00,-0.082084596
2025-03-26 05:00:00,-0.5321905
2025-03-26 06:00:00,-0.86708444
2025-03-26 07:00:00,-1.1340626
2025-03-26 08:00:00,-1.1974986
2025-03-26 09:00:00,-1.0400597
2025-03-26 10:00:00,-0.54802066
2025-03-26 11:00:00,-0.031441055
2025-03-26 12:00:00,0.47232863
2025-03-26 13:00:00,0.8160302
2025-03-26 14:00:00,0.91466963
2025-03-26 15:00:00,0.7760158
2025-03-26 16:00:00,0.3728195
2025-03-26 17:00:00,-0.19186904
2025-03-26 18:00:00,-0.7217554
2025-03-26 19:00:00,-1.1117188
2025-03-26 20:00:00,-1.383015
2025-03-26 21:00:00,-1.3853966
2025-03-26 22:00:00,-1.1465642
2025-03-26 23:00:00,-0.49834245
2025-03-27 00:00:00,0.11786038
2025-03-27 01:00:00,0.5890787
2025-03-27 02:00:00,0.7808944
2025-03-27 03:00:00,0.74998975
2025-03-27 04:00:00,0.45156297
2025-03-27 05:00:00,-0.07626939
2025-03-27 06:00:00,-0.65059894
2025-03-27 07:00:00,-1.0609869
2025-03-27 08:00:00,-1.3684729
2025-03-27 09:00:00,-1.4010278
2025-03-27 10:00:00,-1.1913431
2025-03-27 11:00:00,-0.5098264
2025-03-27 12:00:00,0.20661798
2025-03-27 13:00:00,0.8009693
2025-03-27 14:00:00,1.0993018
2025-03-27 15:00:00,1.1258293
2025-03-27 16:00:00,0.847788
2025-03-27 17:00:00,0.27629337
2025-03-27 18:00:00,-0.41800967
2025-03-27 19:00:00,-0.95935595
2025-03-27 20:00:00,-1.4096205
2025-03-27 21:00:00,-1.6165305
2025-03-27 22:00:00,-1.5176023
2025-03-27 23:00:00,-1.1190999
2025-03-28 00:00:00,-0.22981425
2025-03-28 01:00:00,0.47878027
2025-03-28 02:00:00,0.9374082
2025-03-28 03:00:00,1.0609418
2025-03-28 04:00:00,0.9416767
2025-03-28 05:00:00,0.4794446
2025-03-28 06:00:00,-0.19691871
2025-03-28 07:00:00,-0.7782746
2025-03-28 08:00:00,-1.2937663
2025-03-28 09:00:00,-1.5732464
2025-03-28 10:00:00,-1.5718927
2025-03-28 11:00:00,-1.2585411
2025-03-28 12:00:00,-0.37008888
2025-03-28 13:00:00,0.45017308
2025-03-28 14:00:00,1.0468079
2025-03-28 15:00:00,1.2634465
2025-03-28 16:00:00,1.2022377
2025-03-28 17:00:00,0.7599714
2025-03-28 18:00:00,0.04386421
2025-03-28 19:00:00,-0.6794594
2025-03-28 20:00:00,-1.2537264
2025-03-28 21:00:00,-1.6719128
2025-03-28 22:00:00,-1.807488
2025-03-28 23:00:00,-1.5737841
2025-03-29 00:00:00,-0.92955655
2025-03-29 01:00:00,0.15958
2025-03-29 02:00:00,0.85534143
2025-03-29 03:00:00,1.2266892
2025-03-29 04:00:00,1.2566924
2025-03-29 05:00:00,0.96904594
2025-03-29 06:00:00,0.34043324
2025-03-29 07:00:00,-0.4256369
2025-03-29 08:00:00,-1.000122
2025-03-29 09:00:00,-1.4901091
2025-03-29 10:00:00,-1.696328
2025-03-29 11:00:00,-1.5961106
2025-03-29 12:00:00,-1.1503897
2025-03-29 13:00:00,-0.08774224
2025-03-29 14:00:00,0.7147027
2025-03-29 15:00:00,1.2377985
2025-03-29 16:00:00,1.3549567
2025-03-29 17:00:00,1.129384
2025-03-29 18:00:00,0.52363867
2025-03-29 19:00:00,-0.29011852
2025-03-29 20:00:00,-0.9566362
2025-03-29 21:00:00,-1.5508282
2025-03-29 22:00:00,-1.8784225
2025-03-29 23:00:00,-1.933794
2025-03-30 00:00:00,-1.5927992
2025-03-30 01:00:00,-0.6314386
2025-03-30 02:00:00,0.44477487
2025-03-30 03:00:00,1.0887417
2025-03-30 04:00:00,1.3637826
2025-03-30 05:00:00,1.3167917
2025-03-30 06:00:00,0.8794437
2025-03-30 07:00:00,0.14081186
2025-03-30 08:00:00,-0.6513601
2025-03-30 09:00:00,-1.2222536
2025-03-30 10:00:00,-1.6398004
2025-03-30 11:00:00,-1.7834814
2025-03-30 12:00:00,-1.5555335
2025-03-30 13:00:00,-0.8170861
2025-03-30 14:00:00,0.24734253
2025-03-30 15:00:00,0.95605326
2025-03-30 16:00:00,1.319068
2025-03-30 17:00:00,1.2997142
2025-03-30 18:00:00,0.9104527
2025-03-30 19:00:00,0.20328434
2025-03-30 20:00:00,-0.62069684
2025-03-30 21:00:00,-1.2246656
2025-03-30 22:00:00,-1.715881
2025-03-30 23:00:00,-1.9313028
2025-03-31 00:00:00,-1.8367262
2025-03-31 01:00:00,-1.2948754
2025-03-31 02:00:00,-0.15339726
2025-03-31 03:00:00,0.7373736
2025-03-31 04:00:00,1.2632575
2025-03-31 05:00:00,1.4093295
2025-03-31 06:00:00,1.2336289
2025-03-31 07:00:00,0.6649284
2025-03-31 08:00:00,-0.114486195
2025-03-31 09:00:00,-0.77817035
2025-03-31 10:00:00,-1.3545864
2025-03-31 11:00:00,-1.6639968
2025-03-31 12:00:00,-1.6843534
2025-03-31 13:00:00,-1.344389
2025-03-31 14:00:00,-0.43028763
2025-03-31 15:00:00,0.46416876
2025-03-31 16:00:00,1.0460129
2025-03-31 17:00:00,1.2207209
2025-03-31 18:00:00,1.0936456
